ID,FULL NAME,GPA,RANKED
20120727,Huynh Thoi Truong,9.960000,#1
20120860,Le Huu Chanh,9.260000,#2
2127832,Nguyen Dieu Linh,9.220000,#3
20120650,Luong Thi Truong,9.210000,#4
2127833,Ngo Thoi Chanh,8.120000,#5
2127831,Tran Huu Minh,7.300000,#6
20120195,Vo Dieu Sang,6.390000,#7
20120329,Ngo Thoi Tai,0.180000,#8
