ID,FULL NAME,GPA,RANKED
2127832,Nguyen Dieu Linh,9.220000,#1
2127833,Ngo Thoi Chanh,8.120000,#2
20120567,Ho Huu Truong,7.680000,#3
2127831,Tran Huu Minh,7.300000,#4
20120880,Pham Dieu Phuoc,6.070000,#5
20120175,Ho Thi Chanh,3.030000,#6
20120873,Pham Huu Minh,2.440000,#7
20120219,Ly Thi Sang,1.820000,#8
20120842,Vo Huu Sang,1.190000,#9
