ID,FULL NAME,GPA,RANKED
20120444,Nguyen Van Minh,9.650000,#1
2127832,Nguyen Dieu Linh,9.220000,#2
20120448,Huynh Dieu Chanh,8.820000,#3
20120019,Phan Huu Phuoc,8.730000,#4
20120009,Do Thi Linh,8.310000,#5
2127833,Ngo Thoi Chanh,8.120000,#6
2127831,Tran Huu Minh,7.300000,#7
20120785,Duong Dieu Chanh,6.950000,#8
20120221,Luong Do Chanh,6.600000,#9
20120475,Vu Bui Minh,5.460000,#10
20120831,Bui Quang Sang,5.200000,#11
20120430,Pham Cam Sang,4.500000,#12
20120288,Duong Thi Thinh,1.290000,#13
