ID,FULL NAME,GPA,RANKED
20120740,Tran Dieu Truong,9.270000,#1
2127832,Nguyen Dieu Linh,9.220000,#2
20120082,Ho Huu Linh,9.040000,#3
20120824,Do Quang Minh,8.630000,#4
2127833,Ngo Thoi Chanh,8.120000,#5
2127831,Tran Huu Minh,7.300000,#6
20120167,Pham Van Minh,3.770000,#7
20120241,Phan Cam Thinh,2.860000,#8
20120529,Ngo Huu Chanh,0.960000,#9
20120905,Luong Bui Tai,0.860000,#10
