ID,FULL NAME,GPA,RANKED
20120846,Duong Huu Linh,9.480000,#1
2127832,Nguyen Dieu Linh,9.220000,#2
2127833,Ngo Thoi Chanh,8.120000,#3
2127831,Tran Huu Minh,7.300000,#4
20120976,Vu Thoi Thinh,6.500000,#5
20120137,Do Quang Chanh,5.980000,#6
20120155,Phan Quang Thinh,4.770000,#7
20120215,Ly Van Minh,3.910000,#8
20120882,Bui Thi Tai,2.770000,#9
20120035,Bui Quang Truong,2.660000,#10
20120605,Vu Cam Thinh,2.460000,#11
20120391,Ly Pham Linh,2.160000,#12
