ID,FULL NAME,GPA,RANKED
20120583,Luong Thoi Phuoc,9.990000,#1
20120608,Bui Huu Minh,9.520000,#2
2127832,Nguyen Dieu Linh,9.220000,#3
20120993,Luong Ngo Phuoc,8.360000,#4
2127833,Ngo Thoi Chanh,8.120000,#5
2127831,Tran Huu Minh,7.300000,#6
20120629,Duong Quang Minh,5.520000,#7
20120077,Bui Cam Linh,4.470000,#8
20120599,Nguyen Dieu Truong,4.310000,#9
20120101,Vo Van Truong,0.400000,#10
