ID,FULL NAME,GPA,RANKED
2127832,Nguyen Dieu Linh,9.220000,#1
20120638,Ly Cam Tai,9.080000,#2
2127833,Ngo Thoi Chanh,8.120000,#3
20120097,Duong Van Minh,7.960000,#4
2127831,Tran Huu Minh,7.300000,#5
20120188,Vu Huu Sang,4.610000,#6
20120408,Do Quang Thinh,1.700000,#7
20120045,Luong Cam Chanh,0.020000,#8
